{
  "roc_auc": 0.9954317039744175,
  "pr_auc": 0.9769361777198768,
  "accuracy": 0.9698275862068966,
  "precision": 0.9642857142857143,
  "recall": 0.8181818181818182,
  "f1": 0.8852459016393442,
  "threshold": 0.5,
  "confusion_matrix": [
    [
      198,
      1
    ],
    [
      6,
      27
    ]
  ]
}